{"cameraMode":{"drawMode":0,"name":"Shaded","section":"Shading Mode"},"sceneLighting":true,"audioPlay":false,"sceneViewState":{"m_AlwaysRefresh":false,"showFog":true,"showSkybox":true,"showFlares":true,"showImageEffects":true,"showParticleSystems":true,"showVisualEffectGraphs":true,"m_FxEnabled":true},"in2DMode":false,"pivot":{"x":-10.917765617370606,"y":0.588836669921875,"z":623.8313598632813},"rotation":{"x":0.7071036696434021,"y":0.002121317433193326,"z":-0.002121317433193326,"w":0.7071036696434021},"size":405.888916015625,"orthographic":false}